block,tx_hash,from,to,value_wei,gas_price_wei,timestamp
6125301,0xe8f5ab83e016275a002d66679c400d369f2ca89ade79514175bb96b40bf7b381,0xedaf4083f29753753d0cd6c3c50aceb08c87b5bd,0x0c008d86e8e48b7d23c6cdbeba9d05238e37acc3,500000000000000000,1000000000030,1713695087
6125303,0x652fc0858585e1a6d6a1478ac369f62a098fc836792d6cce594d346e041d5fa3,0x32df61d9074e3a1c63fcfdb034c12c58c4e75e3d,0x1f781de3b1340bcf46ea5cae8df8d88bb99f098c,0,3000000000,1713695091
6125303,0xa7610187cc2fec785e96695b5f5f0c0b0864ce0476df0a260f9084c71e63fc48,0x6c45ada1e3be236d2667b4f2828888991263a4dd,0x3b7513042790a6e07729b40138ccb46547fb4e3a,0,2500000015,1713695091
6125307,0xdce151340a96105abd8ddb16c46cd87acdd1ecbf3a763daab185a9a130ed8d39,0x7eb47893871d7ba58a63e3545825b6dc6b38a920,0x3278104b8c8eee878f1db3f76289a6451f50b5bc,0,1500000015,1713695099
6125309,0x13431784de535a6d015bf51a1799c7dc7d6beaf97fcc1ed3878517fc0ac12ebc,0x54d03ec0c462e9a01f77579c090cde0fc2617817,0x2965f1201d771f0a0f70e9b9f180a65f436fffad,200000000000000000,40000000000,1713695103
6125311,0x377e6478535e66c9e337cac7b0a86f47b97651b6cabdf98e4d6823f6b81aeffd,0x87c9b02a10ec2cb4dcb3b2e573e26169cf3cd9bf,0x5b1daa2c2924a93e4c0eefdcbdbe647d2557f76b,500000000000000000,1000000000030,1713695107
6125312,0xec1799f51be8011c960de486170753be1ce0d0f5021d2bc48959fc9542ce8fbf,0x48740c3cebc508adfdc18f2ce995c81adaa90b0e,,0,500000000015,1713695111
6125312,0x6ed35c0e06234fd9ff14dc02cf6fe611c443977be8d4091aff6ed9d9f08cc7f8,0x1b0122571a6f87486f42f9eb9d17bf23749364e1,0x4a8e75f90eebef09010fe500449817d0c3827973,189499999999685000,500000000015,1713695111
6125312,0x4e5efdbaff829db79503b849c7f8c04bdadef7865dd176b47ad9d82676aff667,0x78e3a45081e696da28d6f9c166b320f473d652c6,0x0305921384c6edb3ab1be70ebf2bcd8459a61577,0,1000000015,1713695111
6125313,0x13f897d331307e21e09061ad15358f8218e82eb535e52ee58e8ccdbb89000820,0x1e9daeda680917002fd9714873f2cae4ac6d4098,0x9a3ca0f623ac1d1f4d8f3674615cc501dae38a2d,0,550000000016,1713695113
6125317,0x531a46165678fd5fe9378a9087286114c14c021a69e036c7f6e15e6ad89962ca,0x2031832e54a2200bf678286f560f49a950db2ad5,0x58fa875ba2fe1f90a43a2dc02758b7eb3583a27b,500000000000000000,1000000000030,1713695121
6125317,0x3816629dbec0af9dda98616f43d3109629fba42b0c51de6a9ad941d1fccc4abd,0xa2b14b44d0182e40747c76bffba47eb19cdd8877,0xdfe13e3d0ceb434490739885acfdf4d716890fda,0,575000000017,1713695121
6125317,0xb94c2570417da20db556a97bc138eced5ae3f8ece2821dc14651dae6dc0dd50a,0x48740c3cebc508adfdc18f2ce995c81adaa90b0e,,0,500000000015,1713695121
6125317,0x5c406573abb6675fe44f353620c14d981fe5ea91c411973c616d2bcb7f9c0808,0x2965f1201d771f0a0f70e9b9f180a65f436fffad,0xa9cffa6cac978214f8a07143d159ab16330a7a88,199970389999685000,1410000015,1713695121
6125319,0xb4b1e682b33d5f727e9b5ccbc703fd6adf3e0a7354be4cb46c0483e1c84fe73e,0x0e8785a63852b789256ce69fc8c2a53cddbb6b27,0xf1764080a314dc6acb3cf84245721b08400fdd1b,0,40000000000,1713695125
6125320,0x7738832e8fa28446a6e2284562d91bcbbdcae40dd0e70e34621197d97db16f41,0x3c352ea32dfbb757ccdf4b457e52daf6ecc21917,0xf754689259a5909bfbc94dca6306b41d4b85d815,500000000000000000,1000000000030,1713695127
6125320,0x2c3371ff5fe6c5228d23b46a3fbbdad8dc831192b631c543a512a73cf5d270ad,0xa7e4ef0a9e15bdef215e2ed87ae050f974ecd60b,0x6fe1d2872e2db77c6bb0d14e718f0c6d2f9ac805,500000000000000000,1000000000030,1713695127
6125321,0x537c37484cd81b72968d84dd167da041e9a335837ca23d8ef30223523ec1bb0f,0x4337011463ef6bd863e47e7b5e743d2522261131,0x5ff137d4b0fdcd49dca30c7cf57e578a026d2789,0,500000000015,1713695129
6125322,0x123ec0dbed040aba4f40fe9b0d9f3122368761196ed71e384b9883229fb330f5,0x5ff40197c83c3a2705ba912333cf1a37ba249eb7,0xc24d0eba623a08437ac419f6864231225fb26303,500000000000000000,1000000000030,1713695131
6125323,0xd2bbad3d508bfe9f6b5ac2a3d8e45e4299359d1658e469d7b56c3f0dd4467f00,0x7ed746476a7f6520babd24eee1fdbcd0f7fb271f,0x22b996642b6b7d79292e1792071f497641e8fbf0,500000000000000000,1000000000030,1713695133
6125323,0x1eb19314ba1d88216a872f39506b92092b50c98c072420418cdbd8c3bbd97e2e,0x48740c3cebc508adfdc18f2ce995c81adaa90b0e,,0,500000000015,1713695133
6125324,0x8d05d470e6764055c731a089ab9d227f9eea6610a8eb78e1e6c02552326f3a8f,0x631e9b031b16b18172a2b9d66c3668a68a668d20,0x9cce1e658ac17c2486412fd1eba7150abe664fef,500000000000000000,1000000000030,1713695135
6125326,0x923d035a72e9a742e59f6460991f519d83eb346ce34e1de87e2b826c7a20d1ab,0x4337012eaf1f862b8dbdc6b62a01782ae01ef038,0x5ff137d4b0fdcd49dca30c7cf57e578a026d2789,0,500000000015,1713695139
6125327,0x0efda0ba238fe6614a34d03d68848e430aed3a70d477d04a2bea90245d639138,0xedaf4083f29753753d0cd6c3c50aceb08c87b5bd,0x0e9040053bf4e81a52c9053c23a7b70d70fccaa7,500000000000000000,1000000000030,1713695141
6125327,0xa5c2357edf55029889f475567e5680f0a70d8bff7b18c8cb03f64ceb7a7ae988,0x75d83d2cdc9cbe12f4192725c47a54330cd535f8,0xd8d927e5d52bb7cdb2c0ae6f55accb18e9a2b9d7,0,500000000015,1713695141
6125327,0xdc19d529c1806272888b3e2178a3851e62dfda5f128891769897923f4f3b11db,0x7eb47893871d7ba58a63e3545825b6dc6b38a920,0x3278104b8c8eee878f1db3f76289a6451f50b5bc,0,38800000000,1713695141
6125329,0x92f01c245cf94d567367e6ce620a1dedb1e2a0907b6b07a092c07df75d58e405,0x87c9b02a10ec2cb4dcb3b2e573e26169cf3cd9bf,0x466e2917cf82c0cd43831af6d9541c55f2bef2bf,500000000000000000,1000000000030,1713695149
6125329,0x6278d3b61d80b488d746620d3f6931774b4562821a1270906899bcfcc66f7819,0xa2b14b44d0182e40747c76bffba47eb19cdd8877,0xdfe13e3d0ceb434490739885acfdf4d716890fda,0,575000000017,1713695149
6125329,0x1195cdd2d3698e69685db7e3b0111a73339febc4d98e676f1b70427f4506c3b4,0xa13ac4d448bd99b5fb919af0e577d35871ae9439,0xdeb3e471ad48e1cfb2972fb76476cd505e8fc570,0,500000000016,1713695149
6125329,0x79192f040bf86eb5a130b9648920772cdf68b9357dc90d4610e8b78e82a07f38,0xdef84e49ef697fe42b89f5afb95008dc98eb14a7,0xf95bcc543ec32f7f6095d487d240284761e7b9ea,0,500000000015,1713695149
6125329,0xfef3c2461a8cdc03707736c597c24236e0ae6b30a3ba9d99da6489ba44b821f0,0x430e630776c3a363728e6529854dea5603925cd2,0x47d74b40f7c3f9cef2633963ff2a66ab86e8cbb3,0,500000000015,1713695149
6125330,0x863c667649325b9f8517b0c3828f5f1a893fcd9e27b77451d2e094bc60c9d9e1,0x5ff40197c83c3a2705ba912333cf1a37ba249eb7,0x49a6f7e7c43ddf45d12978766be8d26053c4ee10,500000000000000000,1000000000030,1713695153
6125331,0x9f52d2422a08a5371f5e51b53026053dac9a8644d5229c47b8b5f4b0be7fa255,0x2031832e54a2200bf678286f560f49a950db2ad5,0x6194b9c914512febc59d4eb3028dafe4247129a3,500000000000000000,1000000000030,1713695157
6125331,0xcc4342c2549eb6ab8e490fdfc65a5217dc9e97815c738987076a4349668d389f,0xa2b14b44d0182e40747c76bffba47eb19cdd8877,0xdfe13e3d0ceb434490739885acfdf4d716890fda,0,575000000017,1713695157
6125331,0x8fe6186478b4d52793ef7a3e86c7d3bda83467ecb198cb94da7e21788c1b934f,0x75d83d2cdc9cbe12f4192725c47a54330cd535f8,0xebe9a7a5f6d83195d3d15a95f60c297e9d9211a0,0,500000000015,1713695157
6125332,0x0ae21b5a876d7dee9001776ed75f2deb6f6731ca3be31c5fd6f7f70504b0432e,0xa7e4ef0a9e15bdef215e2ed87ae050f974ecd60b,0xbfdc1361d513a9fe06f327a105b3a4a8b9444af9,500000000000000000,1000000000030,1713695161
6125332,0x825ef4a7fc5f9604a715bb6c739be5ba0386a8ef6934ba46e9f6a8aa04e2b70c,0x8a3c4f92ac0b6e95f795fa2542c0aa917409a773,,0,575000000017,1713695161
6125333,0x23555879b9af8c5c6a63bb7ceca94ae77d0bd632e418d47c2986db9d149fee96,0x3c352ea32dfbb757ccdf4b457e52daf6ecc21917,0x3be2a98b15a190f4d39821552f02bf5fc9ac0f87,500000000000000000,1000000000030,1713695165
6125334,0x8f7b75a18dfd99fc0e1b9d2b396f5893dcf1fc5050bfe0c6ef2b70b7cf90772b,0x7ed746476a7f6520babd24eee1fdbcd0f7fb271f,0x45cf04e78b00ff3e78a15616a81e29e58ba9e0e9,500000000000000000,1000000000030,1713695169
6125334,0x8dc2274ed9bd6a58eb1ed294d48520d561fd0d1616e97e3078c8b173525a7b08,0xfef4f5ba0a0271b103a2a98a0ee2ee3e86689b17,0x8e39582bc976282452087429301618036d7d129c,0,485000000015,1713695169
6125336,0x5c6a8110874a32c153b3c3ab75a5835315bec41223966746afcdbe3e28bb367c,0x0e8785a63852b789256ce69fc8c2a53cddbb6b27,0xd4cfc9c436c61bef92e8002603c825401a2ccaa8,0,550000000016,1713695177
6125337,0x1bc6a6cca20592e18668fed774d288702789446a53f27180cdd0d669f2d52cf7,0x2ce05058ff5a8a0d97aeff92064eedd377df6f03,0x5ff137d4b0fdcd49dca30c7cf57e578a026d2789,0,1500000015,1713695181
6125340,0xd1629030e948467898d668f58505aee65574b05599bbdbf0494b1bf473b1d4ad,0xa2b14b44d0182e40747c76bffba47eb19cdd8877,0xdfe13e3d0ceb434490739885acfdf4d716890fda,0,575000000017,1713695193
6125345,0x4741fb0b26afb4f26e794ecf361060b323cd120e9db26c8e949ac2878a8abd06,0xa2b14b44d0182e40747c76bffba47eb19cdd8877,0xdfe13e3d0ceb434490739885acfdf4d716890fda,0,505000000015,1713695211
6125348,0x25d3f29c8c76c79eb54c8e674f63c909593abe6561bcaf18db2e9d8d24a9dcbc,0xa2b14b44d0182e40747c76bffba47eb19cdd8877,0xdfe13e3d0ceb434490739885acfdf4d716890fda,0,505000000015,1713695217
6125350,0x1016cc651bb16d08ab48615297decc48335f533091a385b27254ef023f2c0132,0x0d779794d3e713a7e3865559c2180614b781d897,0xa290dc1e8fe727b9436cc5af0e8d39499c492b57,0,2500000015,1713695221
6125350,0x6656c5284f33716dd246a866cf1f77e8b756a0968036602f4fe667b11e61d9c3,0x88eebb2eb011336822d25345552148338165ec21,0x8e39582bc976282452087429301618036d7d129c,0,1500000015,1713695221
6125352,0x7ef3f8f5791547c3aa41f514284bb9440449a39be84888980b1cf74ad80bb101,0x6c45ada1e3be236d2667b4f2828888991263a4dd,0x3b7513042790a6e07729b40138ccb46547fb4e3a,0,2500000015,1713695225
6125356,0x51b0aba10100c34322fad1fe8f38f7d7e5c37d577e409cab0602c88705921bb9,0xfd47ffb60e78dfadb8f731e616429788dc8504cb,0x661c8e0686bc2c9bff7e624045cdf4e22ed281e4,199968499999685000,1500000015,1713695233
6125360,0x64602dbf542b954552d5cfbf0f682ada0de413aa672f939f284a52f231466d15,0x32df61d9074e3a1c63fcfdb034c12c58c4e75e3d,0x1f781de3b1340bcf46ea5cae8df8d88bb99f098c,0,575000000017,1713695243
6125360,0x59d276ac7e3b7faa83b2d09891cd135fb5e7b4e6faef2d596ded3ff1df641e0d,0x3ec89932826daba69e0b16e61d9a74ba4f7984ce,0x8987c2c18370eae437c06d8b609138a05de65d8b,0,2000000015,1713695243
6125361,0xf13c68cc9707d89ecc7aabc8f95eba0edcadcb920d5fd3710b7ad2fb89258cea,0x547d530bcfead40f6c8f7fa04d4d68281824f55c,0x74ed442ad211050e9c05dc9a267e037e3d74a03b,0,550000000016,1713695245
6125365,0xf1936f815b7b9fc02803ee20d4e7976a9da7c52639cb3e2db936545f6130271a,0x51d61e663e41f52e94fd3e0320072bfc22db2733,0xd52eb4c0d086467fa06470b4c515f554e584d23f,50000000000000000,1500000015,1713695253
6125368,0x4be5ad9f892d40fede20ed89c8217ca65a76b760b14caa085f073ab0d7ed5711,0x9d2e39d8d970680c24ed36d079c3482903360a02,0x5e8cee1ddb71d098fa3fb848a4d389aa0c4e5879,100000000000000000,30000000000,1713695259
6125368,0x19750fa848e67ffb2c1e21527bc06f794a97a67951eb677d7d69872088690e8c,0x0d779794d3e713a7e3865559c2180614b781d897,0x9fb227c4d6281e9d7689eb06f1abaf7850db041a,300000000000000000,2500000015,1713695259
6125369,0x39d2e65a65425756f0978ede6615fc3e443a165aab8abeccc7fdf80d1de12740,0x4bf8774a8521d8e956c4255ec669ce33cea1cf37,0x63f875240149d29136053c954ca164a9bfa81f77,0,550000000016,1713695261
6125371,0x4be64a0b5d4e025b5b255b5172cea6fabc25511ecb9d4b5581dd14bc694a707e,0x3e3dba4b334fa4cb8fcfc7b65186a75227e9b2ab,,0,3000000015,1713695265
6125372,0x1639476b86d0704e96d52f8b280af611aa1a10f08cb1cef15e3ff58d1d598f8a,0x631e9b031b16b18172a2b9d66c3668a68a668d20,0xe54cb6983c1553972e8a78817f2342dfa82c36b9,500000000000000000,1000000000030,1713695267
6125372,0x3a18dca7b55b7a49fc95b9f7bbe6363106a47f64645eeb9ac0a5fb51a168b86b,0x3e3dba4b334fa4cb8fcfc7b65186a75227e9b2ab,0x0a7508eae94be27fe0da74f575defab54072c8ef,0,3000000015,1713695267
6125374,0x439215093e0e157427736d121d7f048cc3a995ceba0738af4bc12136f8e55c83,0x88eebb2eb011336822d25345552148338165ec21,0x8e39582bc976282452087429301618036d7d129c,0,1500000015,1713695271
6125375,0x511dba816381df2d6bafb230c88d64fbd6d7ae252209be4d823737c4e5292ef8,0x32df61d9074e3a1c63fcfdb034c12c58c4e75e3d,0xd8d927e5d52bb7cdb2c0ae6f55accb18e9a2b9d7,0,505000000015,1713695273
6125376,0xbaf387dbc4824604c6d8f5553f793f2187afa631566a846a3cb8bc700b5a415e,0x430e630776c3a363728e6529854dea5603925cd2,0xf1764080a314dc6acb3cf84245721b08400fdd1b,0,505000000015,1713695277
6125376,0x6bafa46901e452dd00eabf002ca1dc7a7cb403b475dc9df0cb6eb6e3cc24f1d7,0x54d03ec0c462e9a01f77579c090cde0fc2617817,0xfef4f5ba0a0271b103a2a98a0ee2ee3e86689b17,200000000000000000,40000000000,1713695277
6125377,0x1e1bbf6fd1f8b3f7f41a32a3488e814aacafffa5713abe733f81690917540f02,0x32df61d9074e3a1c63fcfdb034c12c58c4e75e3d,0x47d74b40f7c3f9cef2633963ff2a66ab86e8cbb3,0,2500000015,1713695279
6125378,0xdec1dbb88bd2276d3efdfa55c8ca31819c3e9df9d09c40ede5f9052a8e9c5414,0x54d03ec0c462e9a01f77579c090cde0fc2617817,0x4d68b7419b5cd77af4587f7cf375c224de445b43,200000000000000000,40000000000,1713695281
6125379,0x3c7fb68e6c8b9db0766e60462ab14802e84cdc0e0b486f94e596e79f35d10ccf,0xedaf4083f29753753d0cd6c3c50aceb08c87b5bd,0x2c9337f25dcae101af33f50f47d87b6396a7d23b,500000000000000000,1000000000030,1713695283
6125380,0x48a47fffb7bb4eeca60c1ea021ad95fbd50ce5f25ff2abc1209058606ccdca88,0x87c9b02a10ec2cb4dcb3b2e573e26169cf3cd9bf,0x1d6767de0b07bc0018e195e18bbf2e9c212a2262,500000000000000000,1000000000030,1713695285
6125380,0x115eea8da7451c8bf7bd25bdb5beb4877b64be0a22daafdd7c48293a1ca69caf,0x54d03ec0c462e9a01f77579c090cde0fc2617817,0x48740c3cebc508adfdc18f2ce995c81adaa90b0e,200000000000000000,40000000000,1713695285
6125382,0xbf06481184ae77d49977a1d894c55fb9897703f8a08ebe99bd2e69161c2ec42c,0x3e3dba4b334fa4cb8fcfc7b65186a75227e9b2ab,0xf1831ebb3f92a8607e644a1e54fde4b09f6fe5de,0,3000000015,1713695289
6125383,0x5d32a09ad9690c22959652f1609f781ec1fa8863e80cde8c4aca094a16047de0,0x6c45ada1e3be236d2667b4f2828888991263a4dd,0x3b7513042790a6e07729b40138ccb46547fb4e3a,0,2500000015,1713695291
6125384,0x6776155a4d45085ce37b28fb76c64899e21526fceb6eafcee82e207aebe44dac,0x97346dbd4a350191652b87f92dd2bc4bda6cbeb4,0x34325b3c233d634cf9152ffe484bdc8b83106190,0,2425000015,1713695293
6125389,0x993f16b6b4b838241d491737e63d82ff20c5e731484a81cb7991a1e66231ec4c,0x54d03ec0c462e9a01f77579c090cde0fc2617817,0x12661a7d654eb82d06b9b92bf8f9021c188a58bb,200000000000000000,40000000000,1713695303
6125390,0xe1228c4a24f6573c9634afb83aba1412cb7334203edc968135958f01d569ca57,0x16b6bd022270ee03ed82c727139d8f5a26216949,0x74ed442ad211050e9c05dc9a267e037e3d74a03b,0,550000000016,1713695305
6125390,0xe5f9b2690134c89df931b3c35c29b5b16e6f83ff5d540e1364c8ace824928bcd,0x430e630776c3a363728e6529854dea5603925cd2,0xebe9a7a5f6d83195d3d15a95f60c297e9d9211a0,0,40000000000,1713695305
6125393,0x9ff013c3e5704b945c45d5da33b78229a2f0c204b818313b2b4ea12fa5548ea7,0x5ff40197c83c3a2705ba912333cf1a37ba249eb7,0x4e0658e1e379faf0b96b78cfe7051f87c07900e2,500000000000000000,1000000000030,1713695315
6125393,0xb2a0966e9d734980f9cec7c2fb5d8e7cf14750ab8c786e633f1670aa5e39ef07,0x6c45ada1e3be236d2667b4f2828888991263a4dd,0xb0088712a3b5c092b94fe0b410886edde391c227,0,2500000015,1713695315
6125393,0x7bd9c74c6f74d1ff5ba5dd682e6832e4f40f67a67da7daed4ce4975d9a005cc9,0x1d6767de0b07bc0018e195e18bbf2e9c212a2262,0x8987c2c18370eae437c06d8b609138a05de65d8b,0,2352250015,1713695315
6125393,0x29a07b5f9720cf06780aecbd4e6b5cc569c2c2638985f89cb0b8c97258bf1e54,0xfef4f5ba0a0271b103a2a98a0ee2ee3e86689b17,0x4b18104a5b890046b453a1dd7a6160effcf8fea2,0,1500000015,1713695315
6125395,0xd6e39e28c841d3637dd51bf80cb02a121b4c731377bba60e7529497dd25f553a,0x43370146366cfea21302962ae3a558d72bbcc487,0x5ff137d4b0fdcd49dca30c7cf57e578a026d2789,0,500000000015,1713695323
6125395,0x04fdfeac64255fce0c04d2aedcc8dcbc28ebb5e0bd894a677d7b6c2840d7da9f,0x54d03ec0c462e9a01f77579c090cde0fc2617817,0x54f667aec352ec262812708c68bac04bc5e9314b,200000000000000000,40000000000,1713695323
6125396,0xb475f99c96410bcfa9282da97205efc9c028d374c48a7b2add32aa728f32f007,0x430e630776c3a363728e6529854dea5603925cd2,0xd4cfc9c436c61bef92e8002603c825401a2ccaa8,0,40000000000,1713695327
6125398,0x8c6ad4ee6cfb3af35d22d6d21338e8993f30d247133ba2705d190f9feee01cff,0x4337013ef5cd421cef649fc58c1b0defd37bbeb1,0x5ff137d4b0fdcd49dca30c7cf57e578a026d2789,0,500000000015,1713695335
6125398,0x0f9c680e6f91d2bcb482fca84341b5ec563a4dd96bc24e3d50eef4caa7a32727,0xa2b14b44d0182e40747c76bffba47eb19cdd8877,0xdfe13e3d0ceb434490739885acfdf4d716890fda,0,2281682515,1713695335
6125399,0x94d37c2a291fcde104266fbd040c9ee130ea61fa8ea7abaa9a44c0d213ca879a,0x7c91537ba4c803ea12efe52e1a30eb571effd1d6,0x8987c2c18370eae437c06d8b609138a05de65d8b,0,2281682515,1713695339
6125399,0x75924d536fcf38100d02c44e33df4ec87f9e4ab576c5240621f4ec191e152a90,0x7eb47893871d7ba58a63e3545825b6dc6b38a920,0xa4ffc55b5e11d212d7b1bf810dbc691d8b44e17f,0,1500000015,1713695339
6125401,0x2c150e41bcdbaf93e72550bca8d342a50d83020ef3004f42288957a76f46c8bb,0x54d03ec0c462e9a01f77579c090cde0fc2617817,0x93e5508450e601915a204894750f5a7ce7372d81,200000000000000000,40000000000,1713695347
6125403,0x806b89edc7c11dbe25e4cc6e389a90a81eeb31c60bb0de42850b7b702d2f2007,0x3ec89932826daba69e0b16e61d9a74ba4f7984ce,0x82646f662d88b74066d3b6d86d632eaa7b0145de,1000000000000000,2281682515,1713695355
6125405,0xea300df43b89b962e84eb2c70bf36c6fec45008219ce1cac8148fda949cfb131,0x094f8f4b733947b71ef8790315a0c4c6510fb596,0xa49b0c641f4d45827d5ead0a4fa7e26ae533b627,0,30000000015,1713695363
6125408,0xb5a405c6e83d1186d329a2cd28cc158e122a6d500b4d28651149ebb1b222533f,0xc6392ad8a14794ea57d237d12017e7295bea2363,0xad2c6cd8443406b0864b1610379ab228322cff11,100000000000000000,1000000000030,1713695375
6125410,0x863e582d87fae4f55bf21eb06283c8390e7512f2edfaa410f001a148cadf8381,0x2031832e54a2200bf678286f560f49a950db2ad5,0xc982cfe8dd89ad849930294b6986f6d4a273d623,500000000000000000,1000000000030,1713695379
6125411,0x32a916fad6bf19275900471c7c5510a29d90bcf95910a72334c3f95ab7249c21,0x22598eb0ebd7c4247f8fbeb7da7aac11ab7bfa8c,0x8e39582bc976282452087429301618036d7d129c,0,1500000015,1713695381
6125415,0xb29d81c30bdb57d01378b4d4ef944f4c47ef2446cea3da34cf7afa968b8251c9,0x88c17d7d520ec68e0a3813721c903576260d4363,0x82646f662d88b74066d3b6d86d632eaa7b0145de,50000000000000000,1500000015,1713695389
6125416,0x7c140a8088f68912bc00cd620e3bb64068f3b1712e1c677f5ac2b4b3acdb2e94,0xa7e4ef0a9e15bdef215e2ed87ae050f974ecd60b,0xdf9dc7fb29191e4ae8fcd9da9388d9d8826be1a7,500000000000000000,1000000000030,1713695391
6125416,0xaf4098cfeecb26c714ba8e9cb9d93f98f097d9a1dc65a418bf17cd980a0e991a,0x430e630776c3a363728e6529854dea5603925cd2,0x1f781de3b1340bcf46ea5cae8df8d88bb99f098c,0,40000000000,1713695391
6125417,0x4acc39cc843cb080a82f1a1237efffcdd976cab898a0a01c1f12c79212a17712,0xa2b14b44d0182e40747c76bffba47eb19cdd8877,0xdfe13e3d0ceb434490739885acfdf4d716890fda,0,2000000015,1713695393
6125417,0x0c689d61f8ef39f1e10d45c6d2aeeac044473afcc5787b4032b8b99607078bc7,0x8a3c4f92ac0b6e95f795fa2542c0aa917409a773,0x74c04f0c4e7a1d3a076c503bc984a60f8b02e9fc,0,1500000015,1713695393
6125418,0x48facd862257c80468974607095f5be25286e504d0bd3884e7d6995ae822e818,0x3c352ea32dfbb757ccdf4b457e52daf6ecc21917,0xce6f069f24f3afb8317d5d38dde587e1513fd7f6,500000000000000000,1000000000030,1713695395
6125418,0x0f07801be46b5625091c04c3a75e84e4af3ce6f6a8bd11e1481342b9a80713f9,0x3e3dba4b334fa4cb8fcfc7b65186a75227e9b2ab,,0,3000000015,1713695395
6125418,0x49f6cb9e9a77bb1591e45d45de11ebf9fe2bed6bc81babc080a47ae60e991faf,0x22598eb0ebd7c4247f8fbeb7da7aac11ab7bfa8c,0xf64c1d6e2702ecbbf7de572e7d952ae7f1eecdd6,0,1500000015,1713695395
6125419,0xff893928c9dbf683dc3cf929738426cbe5746feed2a18b880a5020e459370561,0x006ea2e21dc8bdd63366b4c40872bcaf0a0c2963,0x5e8cee1ddb71d098fa3fb848a4d389aa0c4e5879,100000000000000000,30000000000,1713695397
6125420,0x0165a062ec153bdfdd6eb19f7e32dbb78ba711392a35174c6ab65f1a0d45d398,0x7ed746476a7f6520babd24eee1fdbcd0f7fb271f,0x0f8be910bcf0c480c1941df382ac47159547e5e0,500000000000000000,1000000000030,1713695399
6125420,0x90eb96ac2956df5c8122d9ce68851fce85484034cc6c585e5cd63355dc29c881,0x631e9b031b16b18172a2b9d66c3668a68a668d20,0x88eebb2eb011336822d25345552148338165ec21,200000000000000000,1000000000030,1713695399
6125420,0xf128ef3638266bbe93f6f35d17c48c65ee0355583a141750cb8b569bbcf53b8d,0x1633b8595ed0847993801600c68e635fb32724d7,,0,40000000000,1713695399
6125422,0xb9839c5b701c26ac2664fde2845209e2938b0d3633a3505c0c75bacf6cc66c0e,0x87c9b02a10ec2cb4dcb3b2e573e26169cf3cd9bf,0x87ac0d89fd2f1d6124b0fccb7cb7e773b969f50b,500000000000000000,1000000000030,1713695403
6125423,0xb306c3e5b51ec964dcbfb58f5ad5aaae88444119095bc76c5dee2237560d0a72,0x75d83d2cdc9cbe12f4192725c47a54330cd535f8,0xd8d927e5d52bb7cdb2c0ae6f55accb18e9a2b9d7,0,40000000000,1713695405
6125423,0x1fadbf6bbedb0452a4e10f2325c2a2ac8b166749b00a81b356e00d6e16cae774,0x3e3dba4b334fa4cb8fcfc7b65186a75227e9b2ab,,0,3000000015,1713695405
6125423,0xa00334ffa87336a267fff5debfdb54c553c4c3e2a49c97d3c0dc979f067b6b56,0x3e3dba4b334fa4cb8fcfc7b65186a75227e9b2ab,0x0a7508eae94be27fe0da74f575defab54072c8ef,0,3000000015,1713695405
6125424,0xd3684aebbbcc5100815f56635e5ae8b4c27942605888d894683f43e2cdba3175,0xedaf4083f29753753d0cd6c3c50aceb08c87b5bd,0xbb7eb52eddcf5aed55495f9ebf5e818c27b718a0,500000000000000000,1000000000030,1713695409
6125425,0xb18eb04e83d34874cb54ae04a07283047c51a4d1741c165b78dc457c01d7503c,0x5ff40197c83c3a2705ba912333cf1a37ba249eb7,0x97dc779fc5a5b44384176e44e794195f2c332fd6,500000000000000000,1000000000030,1713695411
6125425,0x287bcc9cc76ee751cd12db458a66921996e6455c588fb02bb4a4de437701a7dd,0x50bfe208466c26bf8d232a187f6d7e973e041480,0x4828892c08a8d414332be3bab17d965621c88cb8,0,235277777791,1713695411
6125425,0x86a7fa5881ce6a34419ec54c5ca30dce85e28d94abadf0695b15b546032d1a37,0x7541cc7ac17e37ab00b190c75d53cedc13caec26,0xa49b0c641f4d45827d5ead0a4fa7e26ae533b627,0,212050000013,1713695411
6125425,0x9c92ba3a1e7c4c4fd1b2bb1601019e581390944a13c5f647a22eadb92bd773da,0x54d03ec0c462e9a01f77579c090cde0fc2617817,0xfd47ffb60e78dfadb8f731e616429788dc8504cb,200000000000000000,40000000000,1713695411
6125425,0x9ef916623ed1c8767e05a36a6853423c45f0db717c9ad0195ea11a1d63a43e34,0x75d83d2cdc9cbe12f4192725c47a54330cd535f8,0x47d74b40f7c3f9cef2633963ff2a66ab86e8cbb3,0,40000000000,1713695411
6125426,0xc15938d7a93b4c7200dff8b5224347f368f0931a9227709ad4616d39e1ca2b99,0x2031832e54a2200bf678286f560f49a950db2ad5,0xa5ebaa9cd7b692a78581e22d1c37fa1d825b7ca1,500000000000000000,1000000000030,1713695413
6125428,0xcb1f9fc77cb4efe16da8edff74f071cf6ff842dbc987a8d917c603be971d6ab6,0xa7e4ef0a9e15bdef215e2ed87ae050f974ecd60b,0x828febe55e3b8d12f17c4ad7f83dcf9625ff1330,500000000000000000,1000000000030,1713695417
6125428,0x5ee622ec3fab8da593077b922f9691dd01cca4957baa28e94793c7aa4301189c,0x264e1f7447a2e6bb65e2fd4ec4c09af6d0f17f75,0x5e8cee1ddb71d098fa3fb848a4d389aa0c4e5879,100000000000000000,30000000000,1713695417
6125429,0xdfa36e4161fb02c55a6c97f57b4c7404ebf8ff676618f294cb0755fa0a273f43,0x3c352ea32dfbb757ccdf4b457e52daf6ecc21917,0xa5ea2fab1114c2aa7f5dcb92e253d7a251d76665,500000000000000000,1000000000030,1713695419
6125431,0x90ac07c15ff1b1289f6583de54c1dec8da80ce07871b90bd595e386c51674c18,0x7ed746476a7f6520babd24eee1fdbcd0f7fb271f,0x9db055291d950935652ec9772e2127c038844366,500000000000000000,1000000000030,1713695423
6125431,0xfbf360b3db321f8f5ff02d6695ddc7b6535a2bb218d2332bdeac9c9e6564ca9d,0x764e103e3f285fa7d47e3f7dee6bcdc6005ae13b,0x5e8cee1ddb71d098fa3fb848a4d389aa0c4e5879,100000000000000000,30000000000,1713695423
6125432,0xbc2975f5303946d1c32ebb2950d70638c8d72fa187740c7413b20dd35dd1eb6b,0xa2b14b44d0182e40747c76bffba47eb19cdd8877,0xdfe13e3d0ceb434490739885acfdf4d716890fda,0,40400000000,1713695425
6125432,0x2b6639702b53c79c1137474df0976fc30069d1c82742639316dc7c809c6c746d,0x0e8785a63852b789256ce69fc8c2a53cddbb6b27,0xf1764080a314dc6acb3cf84245721b08400fdd1b,0,30000000015,1713695425
6125433,0xf8d50875effad6ce474828dfaca43ff5c5611a2daadd074ba11d536cf10737b1,0x87c9b02a10ec2cb4dcb3b2e573e26169cf3cd9bf,0x36a5da47251911ca2eb539217bc7c5abb0ee287a,500000000000000000,1000000000030,1713695427
6125433,0xccd0cb87a994cc8cd435eecfd36428df232063488f95888a0e16e400c1b24531,0x25da537a62c173eeb2756cb84845bd8f9e263c53,0x74ed442ad211050e9c05dc9a267e037e3d74a03b,0,550000000016,1713695427
6125433,0xa0eed0ec10dbdb6dab9bac036724cd258f3c4d78ee989dbe5063275070d4e277,0xbb7ecee8a239b62a070dadb2312a7954953d03db,0x4828892c08a8d414332be3bab17d965621c88cb8,0,377045454560,1713695427
6125433,0x00eed752e7d9a7a40c859d61458269643fee65149d81c84841b7faa379edabb4,0x990bb03540b6a29eb7555db6754a47ee9389dbed,0x4828892c08a8d414332be3bab17d965621c88cb8,0,377045454560,1713695427
6125433,0xde6e0bd7c751dfcf8f4331df28882f0a90f47829e0b0a71d25f87ea85ba486b1,0xbc5a2bc4c5fc1bb139b14955f6b0f8ebe444307e,0xa49b0c641f4d45827d5ead0a4fa7e26ae533b627,0,263250000014,1713695427
6125435,0xb47c2291384430ad9224c4cbc8a0e88d5c18953156371aba433feaba2882c557,0x631e9b031b16b18172a2b9d66c3668a68a668d20,0xd2f709a5a46a9e86c08603104d8c8c39be5c9f60,500000000000000000,1000000000030,1713695431
6125435,0x69fccd2c3c7ff0e2057076ec78b224440f5832614517de7fe8bee216a9e04ac6,0xa2b14b44d0182e40747c76bffba47eb19cdd8877,0xdfe13e3d0ceb434490739885acfdf4d716890fda,0,40400000000,1713695431
6125437,0x1f84b33d786b173862eb3f3cc8a5ce36044b5c73a05a3a8cf16415cbae6d9d9b,0xedaf4083f29753753d0cd6c3c50aceb08c87b5bd,0x4e4364186fe750a79909274c60ffa877b3b32f07,500000000000000000,1000000000030,1713695435
6125438,0x98a4833591040242db71542c45f36830d43dc7f1e0adeb727d97eca22c5cd9bb,0x5ff40197c83c3a2705ba912333cf1a37ba249eb7,0xb3bf8e78417b51fbf2521b488c039e07e6271d23,500000000000000000,1000000000030,1713695437
6125438,0xe26038d9ee8529d6383a2fbac3e8486096ddd9be00746892dcb2d05efca277e9,0x2031832e54a2200bf678286f560f49a950db2ad5,0x9b12a8b144a349bb3cecaf87a7d57048ee94a72b,200000000000000000,1000000000030,1713695437
6125439,0x8f4359faa2a0ddd8ad4716f35b62e63180041ab3ebce7a272069cb12fd72864e,0x9062efc93802ba1b0776ba936f3a7f74133e7c3b,0x5e8cee1ddb71d098fa3fb848a4d389aa0c4e5879,100000000000000000,30000000000,1713695439
6125440,0x2b7eb0aaad691ad84e30f75ee92d6a42141b4f0433f828458785b6fc1d3ecc54,0xa7e4ef0a9e15bdef215e2ed87ae050f974ecd60b,0x9942032f7f51027a899c4fe9d7a78ca1bdd27d23,500000000000000000,1000000000030,1713695443
6125440,0x765af5931c9c30b82adafd00eefa3ca107d39cee63c88e59948d38a1b1765b5b,0xfef4f5ba0a0271b103a2a98a0ee2ee3e86689b17,0x4b18104a5b890046b453a1dd7a6160effcf8fea2,0,29100000015,1713695443
6125440,0x936a668b0b5258468b771dbd2adfc3b8a879c086658e3c706bc7277b8a2dbeda,0x17de685c3b0ed388286569df3f4bb43f158f6f11,0x4a81a22ad1e0434732d9d925598246762e87154f,0,8875000016,1713695443
6125440,0x57471847d41c2e228a581e4205a19fd35104aa775b95e027fab63df7f11f7b26,0xcf5f644db0aac2bf81688760dd9ae197550dca18,0xc4af1a414d115882ce5e270c2a42888aef5d75d5,0,4100000000,1713695443
6125440,0xb9db7a0e447a1bcccc4c85b5ea56ec87b573dc48a4ba1190bd9a19b233982929,0x3e3dba4b334fa4cb8fcfc7b65186a75227e9b2ab,0xf1831ebb3f92a8607e644a1e54fde4b09f6fe5de,0,3000000015,1713695443
6125440,0x4ddb46090dd4f04222f9d190ea4246fc81759a337e1becbca0f7e6b13619c367,0x54f667aec352ec262812708c68bac04bc5e9314b,0x661c8e0686bc2c9bff7e624045cdf4e22ed281e4,199968499999685000,1500000015,1713695443
6125440,0x4ca0447f119aba84e7aa795f677fee8cddf5f20560464449f0277cb114d4da19,0x82a800d5565877580e6ace8a017307455eeb139f,0xbee31457acf9358679c1554c18d5452795dadee1,0,1500000015,1713695443
6125440,0xedce6ee3d1996fa4f285d0350d58c73ca85c8131cd711c71a2d3e271e87a10e4,0x82a800d5565877580e6ace8a017307455eeb139f,0xbee31457acf9358679c1554c18d5452795dadee1,0,1500000015,1713695443
6125440,0x95c2a2c667d4cf95bbcc4fa8c56a8a3f2493303020379d44d04b17acf5f84b08,0x82a800d5565877580e6ace8a017307455eeb139f,0xbee31457acf9358679c1554c18d5452795dadee1,0,1500000015,1713695443
6125440,0xb7140e1fdb17c763fb2d9c7cfdde35b8a4df93091379fdbd56147f81d7e661bb,0x82a800d5565877580e6ace8a017307455eeb139f,0xbee31457acf9358679c1554c18d5452795dadee1,0,1500000015,1713695443
6125440,0x75f0229183295f9f155db86e66b1e3ae9faff8800c7e8a5492226f102dfff384,0x82a800d5565877580e6ace8a017307455eeb139f,0xbee31457acf9358679c1554c18d5452795dadee1,0,1500000015,1713695443
6125440,0x955ce783d6d98f35c9091d726526e3b5c08ade26c6ccb098398e76863fe4948d,0x82a800d5565877580e6ace8a017307455eeb139f,0xbee31457acf9358679c1554c18d5452795dadee1,0,1500000015,1713695443
6125440,0xe31c5f1f11b9f19e94ea7e7d28f398f34f6234fe397e9a249824a34ec9b5aa62,0x82a800d5565877580e6ace8a017307455eeb139f,0xbee31457acf9358679c1554c18d5452795dadee1,0,1500000015,1713695443
6125440,0x66bc3245b37588608c27d3126f88055ecf519c19eda8f8ca89f1c92f40e8c560,0x82a800d5565877580e6ace8a017307455eeb139f,0xbee31457acf9358679c1554c18d5452795dadee1,0,1500000015,1713695443
6125440,0xa13f37cf07477cb42e73c345eeff95b1dad1dc9e4f3b9b86811c7bfa6de52be4,0x82a800d5565877580e6ace8a017307455eeb139f,0xbee31457acf9358679c1554c18d5452795dadee1,0,1500000015,1713695443
6125440,0x2ffc6869f47905c735e933949566942c01c032fa72ba34d041b7d10d81d9ba76,0x82a800d5565877580e6ace8a017307455eeb139f,0xbee31457acf9358679c1554c18d5452795dadee1,0,1500000015,1713695443
6125440,0xc5c3d137770ba4aca0ab174b796d0092d2260287f2fcd5e71cc655abf42bc104,0x82a800d5565877580e6ace8a017307455eeb139f,0xbee31457acf9358679c1554c18d5452795dadee1,0,1500000015,1713695443
6125440,0x660d7659ab79b0d27e31daface589280890a7f033714452e2dc11218ae1fd474,0x82a800d5565877580e6ace8a017307455eeb139f,0xbee31457acf9358679c1554c18d5452795dadee1,0,1500000015,1713695443
6125440,0xf009ba54471a96285a7917d09d0fc883a5bba67dcb65bd7227a5f9a9659c3fed,0x82a800d5565877580e6ace8a017307455eeb139f,0xbee31457acf9358679c1554c18d5452795dadee1,0,1500000015,1713695443
6125440,0xd20bee883e1a4e38c7736e179c662128a2c53605fa0dc02e2d3ba27783618e16,0x82a800d5565877580e6ace8a017307455eeb139f,0xbee31457acf9358679c1554c18d5452795dadee1,0,1500000015,1713695443
6125440,0x32e147e8d24101ff12667ae60105ad9a1872cc86a8b1bf77e292b17b40f75ae0,0x82a800d5565877580e6ace8a017307455eeb139f,0xbee31457acf9358679c1554c18d5452795dadee1,0,1500000015,1713695443
6125440,0xf382dd044741895f85128f5eb6259cd4bbfdef728b25604ef699dc7725fdf926,0x82a800d5565877580e6ace8a017307455eeb139f,0xbee31457acf9358679c1554c18d5452795dadee1,0,1500000015,1713695443
6125440,0xe3fccddec542c3033e0a70d03fe42dffc8d45d95b53eda3eadbbdfd146e9af5f,0x82a800d5565877580e6ace8a017307455eeb139f,0xbee31457acf9358679c1554c18d5452795dadee1,0,1500000015,1713695443
6125440,0x9cb82352f79574e3a0b9497506abfadd8309e92457c7fd644b9477a0cd61d3f7,0x82a800d5565877580e6ace8a017307455eeb139f,0xbee31457acf9358679c1554c18d5452795dadee1,0,1500000015,1713695443
6125440,0x77513f5e25753675fd7a66723cbfb8a06c578eaa1610c61b539b61471710ce06,0x82a800d5565877580e6ace8a017307455eeb139f,0xbee31457acf9358679c1554c18d5452795dadee1,0,1500000015,1713695443
6125440,0x657537443c03a83fac8eccf0c55f8509867e0181916336e400e42b328875de22,0x82a800d5565877580e6ace8a017307455eeb139f,0xbee31457acf9358679c1554c18d5452795dadee1,0,1500000015,1713695443
6125441,0x89579d3690499b4ac959d190acc725f64a41e10bb7a2950fa8f424988edda31c,0x3c352ea32dfbb757ccdf4b457e52daf6ecc21917,0x567b20f465df1201e4beb12a94bf3ed7c9980b17,500000000000000000,1000000000030,1713695445
6125441,0xbcf21f14632d254e93a47ea400d7cf5d25c631b0dcd23bd3dc0f4edccdb37514,0x87c9b02a10ec2cb4dcb3b2e573e26169cf3cd9bf,0xec28478249a999e5ad6862ebe59f981c17ddb230,500000000000000000,1000000000030,1713695445
6125443,0xa2f5d290e02184a596e9a928d5bc4f1ae859ee93f66fcc2f8e0beb7dc38dd1b2,0xcf5f644db0aac2bf81688760dd9ae197550dca18,0xb9a95ed70888427bc15b5a6b9b0a95c40f5a5370,0,4100000000,1713695449
6125444,0xaa304932adf5ba4a1f98f8b66f1eacc87808d857641c16561bf6712158f00425,0x7ed746476a7f6520babd24eee1fdbcd0f7fb271f,0x605b35c71e611f82f79630289ec6d0c3061e251d,500000000000000000,1000000000030,1713695451
6125444,0xf21ad027db47dd04780c50e38e55d35cdc41d2742da1e8c2faf807c1720f0c6c,0x631e9b031b16b18172a2b9d66c3668a68a668d20,0xbd180b01d89170d9b603f898f258c4833196d9eb,500000000000000000,1000000000030,1713695451
6125445,0x8040f69ced1f572be236748c1883a743d7c7f05bacb2853c97004cf5fd26f31d,0x5ff40197c83c3a2705ba912333cf1a37ba249eb7,0x22c9a35e6698b50387816d5b65d081bb094b7578,500000000000000000,1000000000030,1713695453
6125446,0x99081c268bb8626e843c382dfca69f38ee2e0685d2118da20d1ca45a1b2ad479,0xedaf4083f29753753d0cd6c3c50aceb08c87b5bd,0xc3703755dda0d4b9c3e24413335a86c79b418c89,500000000000000000,1000000000030,1713695455
6125446,0x7e1ca745a1471dbe642b1016438f33838b094eeeb36e4b462664db25ce4e7c24,0x0e8785a63852b789256ce69fc8c2a53cddbb6b27,0xebe9a7a5f6d83195d3d15a95f60c297e9d9211a0,0,377045454560,1713695455
6125446,0x938946f45cb96ee3e2b5a15df1f13482ab8369502b567f0c9bee2887b6722635,0x4d68b7419b5cd77af4587f7cf375c224de445b43,0x661c8e0686bc2c9bff7e624045cdf4e22ed281e4,199968499999685000,1500000015,1713695455
6125447,0xfd9de09751c36d485ba23f472356d2dd24fadbb7b8ae8b7acb23c479045a7b7b,0x899abf76af40336006df10b71680b925aa86b6f7,0x4828892c08a8d414332be3bab17d965621c88cb8,0,439515000016,1713695457
6125447,0x528f6036c41f35da34d81c020d696d6146023cef2b5cfc9e383c6e835876f2d8,0xbc5a2bc4c5fc1bb139b14955f6b0f8ebe444307e,0xa49b0c641f4d45827d5ead0a4fa7e26ae533b627,0,399931818197,1713695457
6125447,0x1416ce34e815b820dcbc9776ebb10d07a7978737f480ba551e75335fee338ab7,0xda09d16c3d1db49913f9ffed57ae09f778854f3c,0xa49b0c641f4d45827d5ead0a4fa7e26ae533b627,0,399931818197,1713695457
6125448,0x1ed5176dfb27699d0ceab8adc925fe00bc721cf0b07bbc11ba183633ad262246,0x3ec89932826daba69e0b16e61d9a74ba4f7984ce,0x82646f662d88b74066d3b6d86d632eaa7b0145de,1000000000000000,29100000000,1713695459
6125449,0xf40fa79bae737588befebff54c211c1dfac5cc9849bd81ba4a6e458295b260fc,0x1274bb89ee5b7fafb5a725db6ef37d475d2f3eb8,0xa49b0c641f4d45827d5ead0a4fa7e26ae533b627,0,399931818197,1713695461
6125449,0x0b7a782cdab38431d13d919a2f179cff8dbc94e0586921bbd16580fe95454c68,0x88eebb2eb011336822d25345552148338165ec21,0xf64c1d6e2702ecbbf7de572e7d952ae7f1eecdd6,0,3977000000,1713695461
6125450,0x2aa64009d9d865ffd20cf71c1c98279e20b2c2aba0ea0464b4f2a1b7a7a72d5e,0x2031832e54a2200bf678286f560f49a950db2ad5,0x78e4da53c584c7ad109fb4918f52edac9323569a,500000000000000000,1000000000030,1713695463
6125450,0xb84ed7ec22ab87e8fb563476c9c8913a1213173c55ccd098f876381a303a7217,0x87c9b02a10ec2cb4dcb3b2e573e26169cf3cd9bf,0x7d28ea87692b6727e368eb138dc5c415548b0663,500000000000000000,1000000000030,1713695463
6125450,0x146bb8afc4b1d8f08f0b9ab6e45d10c7da89e388d28a61dd25071eaa70019177,0x12661a7d654eb82d06b9b92bf8f9021c188a58bb,0x661c8e0686bc2c9bff7e624045cdf4e22ed281e4,199968499999685000,1500000015,1713695463
6125452,0x9b7c4bb763a9a4c4a6544441259a16632ca730161a42b908bc13183209db28fe,0x0e8785a63852b789256ce69fc8c2a53cddbb6b27,0x47d74b40f7c3f9cef2633963ff2a66ab86e8cbb3,0,550000000016,1713695467
6125454,0xaf94f97a9087ae24a3236fc411001e7f80686f08b1a8c1b7521c85e51b995bbc,0x22598eb0ebd7c4247f8fbeb7da7aac11ab7bfa8c,0x4b18104a5b890046b453a1dd7a6160effcf8fea2,0,365734090923,1713695471
6125454,0x3d5f623c3256f92164c1ad8584897b70df4c5a1f6ca284eb385be79e4629fc70,0x54d03ec0c462e9a01f77579c090cde0fc2617817,0xc62a79dbc226bf1009f03f53e13d581f4ebc135b,200000000000000000,40000000000,1713695471
6125455,0xc5bbdc0b7c0fe6df77f3deed3b5b2815e5272db2ac9f65fc84f60d493a30b125,0xa7e4ef0a9e15bdef215e2ed87ae050f974ecd60b,0xbe89048d6fedf07cc9340200c82160d919d43b77,500000000000000000,1000000000030,1713695473
6125455,0xafd701387db789d29ae450b6ff5baf75ab3491355b8edf9f5954dd9a874fc7be,0x3c352ea32dfbb757ccdf4b457e52daf6ecc21917,0x35de16a217765110e766d85276f0d574cb9c4944,500000000000000000,1000000000030,1713695473
6125455,0x0f917fc826789d2d62d9de9b2da8c8f2da25216ba648d7b50306dd885ba2d77f,0xfd47ffb60e78dfadb8f731e616429788dc8504cb,0x661c8e0686bc2c9bff7e624045cdf4e22ed281e4,199968499999685000,1500000015,1713695473
6125456,0xb4a7606ff16fff6aece334f431317488e3a07b0b5d4618e9c32f19cb283001da,0x75d83d2cdc9cbe12f4192725c47a54330cd535f8,0xd4cfc9c436c61bef92e8002603c825401a2ccaa8,0,40400000000,1713695477
6125456,0xf1e1edd9adb301a84d5fc600698d484526e6f301d94e8ade5eaaec4c255ed94a,0xb6948c38f7f5061dedaaac4c446c5a88ed7d75d6,0xf1fbce752f1bcc0f4dc04033da1bd7e27b1f1ad0,0,10000000015,1713695477
6125457,0x98453a64a0e126fb0cddb80fd94ba6a004383af0cf176dfb760fc4873c1c609d,0x5ff40197c83c3a2705ba912333cf1a37ba249eb7,0x2e4f981ec25934b5e681ac5853d6629014394c0d,500000000000000000,1000000000030,1713695479
6125457,0x8b8803009df90ac632e70112009fd4c8183e2332ff436a145e25a864af46d48b,0x54d03ec0c462e9a01f77579c090cde0fc2617817,0x174b1ef1cfbeb92a3d1c55d610ddba35a4e6b8e4,200000000000000000,40000000000,1713695479
6125458,0xa3e0bba3a27e8d9dd5a9a0aef036f947ca6f529d7538b40a795e0a798ee9b401,0x7ed746476a7f6520babd24eee1fdbcd0f7fb271f,0xd206159def9d682f3963ec5fb2f6d84caf30c140,500000000000000000,1000000000030,1713695481
6125459,0xc66e1a65f49f54e226adbe3b42cc444e2b0f8d7870cb92bd2b07651042bf45f0,0x3e3dba4b334fa4cb8fcfc7b65186a75227e9b2ab,,0,3000000015,1713695483
6125460,0x20e210a0c1b76cad2f3bc04ae82dbf3463affb5cc4cb27cb41482c7654884b0f,0x3e3dba4b334fa4cb8fcfc7b65186a75227e9b2ab,0x0a7508eae94be27fe0da74f575defab54072c8ef,0,3000000015,1713695485
6125461,0xec3d4c55334c5417b045c7f415168d27aae22075a657e6960dcaa4bedf34350c,0xbd87131e51520da50147b44c76774aa1008ff600,0xc30ba2b765158fb249ff590f94d393e032698566,25000000000000000,900000000027,1713695487
6125461,0xc0b45bc5c68be8af859474417401b2c601911dd2a36c586019557d145310d095,0x54d03ec0c462e9a01f77579c090cde0fc2617817,0xb794ebed92115d34783d7b27579b19e5753f0e5e,200000000000000000,40000000000,1713695487
6125463,0x9570f1efd30c336edadb55247e803ef5f443f10b987c596f153a52082fe4db05,0x54d03ec0c462e9a01f77579c090cde0fc2617817,0xd54f9b723ac9f23635a8ef337951a6f150d5ee1e,200000000000000000,40000000000,1713695491
6125464,0x7268c11e5c7a8f8e7c9a7b65f10223b0fe9ed0c49159a788c531b37cf86162cd,0x3e3dba4b334fa4cb8fcfc7b65186a75227e9b2ab,0xf1831ebb3f92a8607e644a1e54fde4b09f6fe5de,0,3000000015,1713695493
6125465,0x7a36e751133d7c880b550a9a52817a028ea28e47a0cb34258ecf337c05402af2,0x54d03ec0c462e9a01f77579c090cde0fc2617817,0xf9c36f99b6260536bfa8f3d8cbbcbf9920da7d08,200000000000000000,40000000000,1713695495
6125467,0x11f3028bb39cbcb643d8a9b0bf087cad0988bddb03bb543c6e622cdf27827e3a,0x54d03ec0c462e9a01f77579c090cde0fc2617817,0xf7dacf4c607505382bf4806dea0c76659985f5bf,200000000000000000,40000000000,1713695499
6125468,0x1ed87ab12005fa0127c94722f97facfc2f8f5c910d2bba04bdcba97c5d8a7dde,0x690bf2db31d39ee0a88fcac89117b66a588e865a,0x25e0a7767d03461eaf88b47cd9853722fe05dfd3,0,9700000015,1713695501
6125469,0x08f352d02e8b5a66571e8c0499b241a41baf27a011e48f7b783ae614b966d5de,0xc6392ad8a14794ea57d237d12017e7295bea2363,0x66d21ce1527d2ba04a23b3a12f5dc4d073ccb70c,100000000000000000,1000000000030,1713695503
6125469,0xcece4e01cd9f9503fc76357211df9dc885d2139583cd3b66c03766dd0b2a2d2c,0x54d03ec0c462e9a01f77579c090cde0fc2617817,0x904e9baffadba056f96a4599be572d4e19a0e2f8,200000000000000000,40000000000,1713695503
6125471,0x1fa6953ca6252805fb1abf392f299c9a1583d58572b2c407b207bff16f364dc7,0x54d03ec0c462e9a01f77579c090cde0fc2617817,0xbbdf718917c7acf796031a21c52a75c836e57240,200000000000000000,40000000000,1713695507
6125475,0x06d9d27b7d62ea57b5e0fc4e8b04f1c154f472c1477ffb8634aaf7828f6ee984,0x631e9b031b16b18172a2b9d66c3668a68a668d20,0x5b9e8bdd8b6ea310fd16230ebc6c093e6a0fb562,500000000000000000,1000000000030,1713695517
6125478,0x4a35ca0a791c6125a3a4f8ee68f2ad512e7e06d7d733382821fea6d930e3b19c,0x34833f1ab4214f97f92533c106dce34e76495bed,0x2b8bc41c7a5210d4abee9e47a52562c08a48d580,10000000000000000,1500000015,1713695523
6125479,0x2c9c6bb3fd86ef330e1272d3252b651a1adbbf847747f243255dfbfa28ec33e4,0x34833f1ab4214f97f92533c106dce34e76495bed,0x2b8bc41c7a5210d4abee9e47a52562c08a48d580,10000000000000000,1500000015,1713695525
6125480,0x9ce1de8a7bf2651cebc3adb9f072f6cbd4e17c1c1f7f13f0f65b2c3a9e2cd8fc,0xbc5a2bc4c5fc1bb139b14955f6b0f8ebe444307e,0xa49b0c641f4d45827d5ead0a4fa7e26ae533b627,0,151587500007,1713695527
6125480,0x2a9c347e917dca7715884ce2f7b5e0a4779d663dc1aea0b04d0c0c24c2ca9c18,0x54d03ec0c462e9a01f77579c090cde0fc2617817,0x2c2f87cd99845cb40715a2e45ac9efa68e8bd7a5,200000000000000000,40000000000,1713695527
6125482,0xa44f467b9965f16b439e574f57c84b9cd6f808a05f4fe028de09555bc871e96e,0x54d03ec0c462e9a01f77579c090cde0fc2617817,0xa04a68a71b77a84db64be6ce310d859d0b5bd8f9,200000000000000000,40000000000,1713695531
6125483,0x7e2be6df74479594cd4a43a27f453088b6ae1eb6ef05ca2a4126a1e525ee9e33,0x6c45ada1e3be236d2667b4f2828888991263a4dd,0x3b7513042790a6e07729b40138ccb46547fb4e3a,0,2500000015,1713695533
6125485,0x0660784604603ca92f265b6289928ec9d3db83cf24b1799ebd2be668e933bfeb,0x430e630776c3a363728e6529854dea5603925cd2,0xd8d927e5d52bb7cdb2c0ae6f55accb18e9a2b9d7,0,40400000000,1713695537
6125485,0x6206de57c3db7ccb06253ebfb475e2a5d9bf6fc9a37f6ed093f1875e9b80919f,0x6c45ada1e3be236d2667b4f2828888991263a4dd,0x3b7513042790a6e07729b40138ccb46547fb4e3a,0,2500000015,1713695537
6125487,0x3826de2bcfa84a7ad9773428471b0b6a64470d1d7924c972c2b3a7488e061f2a,0xedaf4083f29753753d0cd6c3c50aceb08c87b5bd,0xf66bd66b9736a841509330d380854f10ee0efba6,500000000000000000,1000000000030,1713695541
6125487,0xa6cd5e03c2f9edeb1d0cad5250d6bf107cf83d96082c93f21957e90b1f890c78,0x0e8785a63852b789256ce69fc8c2a53cddbb6b27,0x1f781de3b1340bcf46ea5cae8df8d88bb99f098c,0,40000000000,1713695541
6125489,0xb79a171c4a716db793d061a47966df7b2fb17a65ddb4f844eee9fa0e92600adc,0x54d03ec0c462e9a01f77579c090cde0fc2617817,0xde9aa46a94dda73b01459472d4bb387feb4a36fd,200000000000000000,40000000000,1713695547
6125491,0xa1ac5545eeb43d1c59c43bbcb180a9b27e916fefa8ca117a11001c94d64dbbc5,0x87c9b02a10ec2cb4dcb3b2e573e26169cf3cd9bf,0xe5f5f58d6c082c16a0a656dbf6908bc5c647e9b9,500000000000000000,1000000000030,1713695551
6125491,0xe3ca95ffb4c850c85e3f67f53c6ac89fbb1546750d9bd4bbd88320b9e2ec1030,0x6c45ada1e3be236d2667b4f2828888991263a4dd,0xb0088712a3b5c092b94fe0b410886edde391c227,0,2500000015,1713695551
6125491,0x096dce863568f636087dceb63ff17253c5a8fb9af325bde74cf4a867282bde6b,0xc5ca2bfad4753eff2fef4d8fab970718c929e703,0x82646f662d88b74066d3b6d86d632eaa7b0145de,12300000000,2425000015,1713695551
6125492,0x6dad74bf696c0ee9bde2f0bb3bd25580e7dfb2b141e2c15d044566a320dbcd09,0xd5e6f34bbd4251195c03e7bf3660677ed2315f70,0x82646f662d88b74066d3b6d86d632eaa7b0145de,116000000000000000,2425000015,1713695553
6125496,0xb8ca9e4412c2697b9fdd2bf6a040dac8f97485a51650fc917348357eda2dd482,0x34833f1ab4214f97f92533c106dce34e76495bed,0x2b8bc41c7a5210d4abee9e47a52562c08a48d580,10000000000000000,439515000016,1713695561
6125497,0xbec730dc7881290837e0bf7ca22db7607d978d5fe9b79c5f17a9ccac2b0933f6,0x88eebb2eb011336822d25345552148338165ec21,0x4b18104a5b890046b453a1dd7a6160effcf8fea2,0,2352250015,1713695563
6125499,0xb1c43265b8f391380e914c4c5125138d894f354eae95c9f4a97076ab3449b161,0x3e3dba4b334fa4cb8fcfc7b65186a75227e9b2ab,,0,3000000015,1713695567
6125499,0xe1a89aad19566a4070eb486217d1653d3ce224a30dfe223ea017ec7aa55a6838,0x3e3dba4b334fa4cb8fcfc7b65186a75227e9b2ab,0x0a7508eae94be27fe0da74f575defab54072c8ef,0,3000000015,1713695567
6125499,0xcb3293a971972a6fbda952eccd73ae9b4ed6c5d29303e802d82f8110668dbd3a,0x690bf2db31d39ee0a88fcac89117b66a588e865a,0xe5cc88f15029b825565b5d7fc88742f156c47e04,0,2352250015,1713695567
